V_m_s,CL_total,CL_wing,Cm_wing,CL_tail,CD_total,CD_profile_wing,CD_induced_wing,alpha_body_deg,elevator_trim_deg,L_D,sink_m_s,Re_min,Re_max,max_section_cl,section_data_Re_clamped,residual,lift_N,tail_lift_N,CL_alpha_per_rad,Cm_alpha_per_rad,static_margin,neutral_point_x_mm,downwash_gradient
6.5,0.6458814082113246,0.656989121907299,-0.07204660944523501,-0.08069706531263493,0.047540523764207025,0.025938500621395418,0.012865677874493359,3.44232396421558,-4.554974301465529,13.585912755500704,0.47714596115964414,57860.53661263276,75663.778647289,0.7001793463140148,True,1.6653345369377348e-16,4.2621209533015145,-0.07329893488960293,4.634718729107597,-0.9209535309969167,0.19870753433493554,295.2218505060469,0.23718125202591575
6.75,0.5989243236637247,0.6114534224503982,-0.07478564058849506,-0.09102336725361093,0.04462226460620198,0.02477901027573829,0.011083236869079938,2.790323145560957,-3.9099130651297753,13.422096098199399,0.5015120941886967,60085.94186696479,78573.92397987704,0.6533849059347572,False,3.3306690738754696e-16,4.262120953301514,-0.08916073760037882,4.731255569218435,-0.9138972165849796,0.1931616678098723,294.385040868154,0.24277375861883002
7.0,0.5569079489169075,0.5704007731707095,-0.07613382452617025,-0.09802479158745016,0.04249154819398637,0.024108069171991393,0.009605791804610228,2.258563458206359,-3.3690371325582307,13.106322847415667,0.5325454901274023,62311.34712129682,81484.06931246509,0.6114394145136095,False,3.3306690738754696e-16,4.262120953301515,-0.10326311391889403,5.1511900718826436,-0.9300804078040098,0.18055641411501758,292.4830481439749,0.2671011187442016
7.25,0.519162701487343,0.5334518168714026,-0.0770963470073572,-0.10380981261923684,0.040756481910545345,0.02359435738503688,0.00836884995873202,1.785867960332531,-2.879268619774671,12.73816279400246,0.5674100946064752,64536.75237562885,84394.21464505313,0.5734538521582027,False,1.6653345369377348e-16,4.262120953301515,-0.11730799980057595,5.242742674407971,-0.9819669146837343,0.18730023113229022,293.5006152005811,0.27240488187373324
7.5,0.48512870216761717,0.4999165140470943,-0.07717939342961457,-0.10743282134662861,0.039315979502837134,0.0231933903772654,0.007319097576167355,1.3656525567053526,-2.4075894934834623,12.339224618138005,0.605831516757983,66762.15762996087,87304.35997764114,0.5394614599038926,False,1.1102230246251565e-16,4.2621209533015145,-0.12991901444582804,5.5501066529431755,-1.0877445682663174,0.19598624608222537,294.8112383452491,0.29021088292378744
7.75,0.45433489276884015,0.46924302212218966,-0.07607029787844803,-0.10830692265253904,0.03777346698856081,0.022534569313976852,0.0064328886590925855,1.0046907330986479,-1.9539754080925693,12.027884358786272,0.6421206537631053,68987.5628842929,90214.50531022919,0.5080972777606038,False,1.1102230246251565e-16,4.2621209533015145,-0.13985333616841245,5.79662322646559,-1.1774017950220985,0.20311856558943592,295.88742611089265,0.3044919134723724
8.0,0.42638264838950724,0.4414657292933981,-0.07529880625751155,-0.10957793819066004,0.035928636620144574,0.02143936536790069,0.005679565235344104,0.6650919790139551,-1.5327847981790912,11.867487567018943,0.6717301145337569,71212.96813862494,93124.65064281723,0.47975308795199606,False,1.1102230246251565e-16,4.2621209533015145,-0.15077047671529298,5.705877656504972,-1.1482711304051252,0.20124355962943605,295.6045085449282,0.29923490280473675
8.25,0.4009328117087745,0.41630937395325973,-0.07507663213666499,-0.1117100675881407,0.03402673044220414,0.02017659350145217,0.005034132336831547,0.3391557717782414,-1.1439416245613245,11.782877946201033,0.6976604793296264,73438.37339295697,96034.79597540527,0.45517852287992444,False,1.6653345369377348e-16,4.2621209533015145,-0.16346072513408927,5.619528590674022,-1.1198256101653818,0.19927394123838182,295.3073150143669,0.29423258742547703
8.5,0.3776953563588714,0.39347643605254656,-0.07536245563946116,-0.1146488695694349,0.03237286446879135,0.019067781323267814,0.004480197995550517,0.02583130090581846,-0.7858321188432428,11.66703541859831,0.7258869254440072,75663.778647289,98944.94130799331,0.43391479792920895,False,2.7755575615628914e-16,4.2621209533015145,-0.178082333541388,5.633478453790113,-1.07749987443628,0.1912672398190066,294.0991927335323,0.29504072141201954
8.75,0.35642108730682065,0.3726611668555517,-0.07594142133347973,-0.11798348390103715,0.030987735351128472,0.018147827912556768,0.004004666398629932,-0.26078412523761274,-0.47497771354798596,11.50200501160021,0.7578779995938025,77889.18390162103,101855.08664058133,0.41440097746750953,False,1.1102230246251565e-16,4.262120953301514,-0.19420058406461516,5.85237560893717,-1.0593093351068645,0.18100501503854124,292.55073703887984,0.3077217225917201
9.0,0.3368949320608452,0.3533994177834475,-0.07591137641477906,-0.1199043834548031,0.029771751014750287,0.017336419582840986,0.0035939901277007467,-0.5086799028488792,-0.1879292869566765,11.315926023092564,0.7922517353795282,80114.58915595306,104765.23197316939,0.3933314943811048,False,1.1102230246251565e-16,4.2621209533015145,-0.2088013434677148,6.549625813350231,-1.1892565687832444,0.18157626140399644,292.6369317682452,0.34811434742400005
9.25,0.31893048352874753,0.3354566866957498,-0.07509087687335755,-0.12006215976027274,0.028791951347308078,0.016710270377341723,0.0032398342320774528,-0.7148744060624309,0.07778879860365502,11.077070799460285,0.8316761630159196,82339.99441028509,107675.37730575743,0.3717940476463767,False,1.6653345369377348e-16,4.2621209533015145,-0.22085275768331863,6.642834549781651,-1.2350628478631425,0.18592407181114254,293.292968049679,0.3535140525770943
9.5,0.3023655345920052,0.31889422766352926,-0.07427154035359379,-0.12008024881021766,0.028011496703320548,0.01623816954142967,0.002931422433573081,-0.9067374829212235,0.3292322753751456,10.79433697508074,0.8763386050188852,84565.39966461711,110585.52263834546,0.35104004867800787,False,1.6653345369377348e-16,4.262120953301515,-0.23298716623205723,6.542308275455671,-1.2410387040015851,0.18969431762448505,293.86185625129224,0.34769043279335504
9.75,0.28705840364947766,0.30357602723098465,-0.07346656806320626,-0.11999982943829861,0.027387198216780425,0.015882926722009524,0.0026626245104159666,-1.0804145304908928,0.5575044829023795,10.481481215321761,0.9260071529388328,86790.80491894914,113495.66797093351,0.3321184143118615,False,1.1102230246251565e-16,4.262120953301515,-0.24524664204380014,6.529471320710964,-1.2376197162428406,0.18954363308361724,293.839119628348,0.34694677105799787
10.0,0.27288489496928464,0.2893847458637417,-0.07269428733155925,-0.11987071162639747,0.026874270935768187,0.015606265652044643,0.002426771760580371,-1.2366769058271347,0.761999906596695,10.15413201799978,0.9800794694558718,89016.21017328117,116405.81330352153,0.314874729302254,False,1.1102230246251565e-16,4.2621209533015145,-0.25770704615780127,6.519554481280857,-1.2314319141812275,0.1888828320580727,293.73941209582694,0.3463722754578719
10.25,0.25973577153530963,0.2762156962162808,-0.07196551877271289,-0.11972594853696986,0.026428211557952008,0.015369156801126927,0.0022182842649330113,-1.3776140953461584,0.9450281879292532,9.827973828866885,1.0375840252231119,91241.6154276132,119315.95863610959,0.2993546945786388,False,1.6653345369377348e-16,4.2621209533015145,-0.2704264871812208,6.499618452293415,-1.2258420532599705,0.18860215599693048,293.6970611968235,0.3452173549796297
10.5,0.24751464396307,0.26397408622179186,-0.0712811594343493,-0.11957714461464616,0.026002492586447924,0.015129493051477549,0.0020327044159476073,-1.5054252837196227,1.1097253097480775,9.518881435700154,1.0970337325441228,93467.02068194523,122226.10396869761,0.2853115245866483,False,5.551115123125783e-17,4.2621209533015145,-0.28342619494069976,6.476250882061853,-1.2198278211565547,0.1883540096532203,293.6596186707392,0.3438636407868888
